<?xml version="1.0" encoding="UTF-8" standalone="yes"?>
<addon id="repository.pikarus" name="PIkarus REPO" version="1.0.0" provider-name="PIkarus">
    <extension point="xbmc.addon.repository" name="Repository PIkarus">
        <info compressed="false">https://raw.githubusercontent.com/PIkarus0/Song365/master/zips/addons.xml</info>
        <checksum>https://raw.githubusercontent.com/PIkarus0/Song365/master/zips/addons.xml.md5</checksum>
        <datadir zip="true">https://raw.githubusercontent.com/PIkarus0/Song365/master/zips/</datadir>
        <dir>
            <info compressed="false">https://raw.githubusercontent.com/PIkarus0/Song365/master/zips/addons.xml</info>
            <checksum>https://raw.githubusercontent.com/PIkarus0/Song365/master/zips/addons.xml.md5</checksum>
            <datadir zip="true">https://raw.githubusercontent.com/PIkarus0/Song365/master/zips/</datadir>
        </dir>
    </extension>
    <extension point="xbmc.addon.metadata">
        <summary>Install PIkarus Addons</summary>
        <description>Install addons by PIkarus</description>
        <platform>all</platform>
        <language></language>
        <website>https://pikarus0.github.io/Song365/</website>
    </extension>
</addon>
