<?xml version="1.0" encoding="UTF-8" standalone="yes"?>
<addon id="repository.song365" name="Repository Song365" version="1.0.0" provider-name="PIkarus">
    <extension point="xbmc.python.repository" name="Repository Song365">
        <info compressed="false">https://raw.githubusercontent.com/PIkarus0/Song365/master/zips/addons.xml</info>
        <checksum>https://raw.githubusercontent.com/PIkarus0/Song365/master/zips/addons.xml.md5</checksum>
        <datadir zip="true">https://raw.githubusercontent.com/PIkarus0/Song365/master/zips/</datadir>
    </extension>
    <extension point="xbmc.addon.metadata">
        <summary>ermoeglicht den Zugriff auf Song365.cc</summary>
        <description>Zugriff auf tausende von MP3 Dateien
- Suche nach Kuenstler
- Suche nach Album
- Suche nach Titel in Album
- Suche nach Titel
- Kuenstler von A-Z
- Populaere Kuenstler
- Populaere Alben
- Populaere Titel
	</description>
        <platform>all</platform>
        <language></language>
    </extension>
</addon>
